alpha,rho,detection_mode,update_buffer,shadow_method,tau_s,tau_h,shadow_alpha,shadow_beta,kernel_opening_size,kernel_closing_size,morph_shape,morph_op,min_area,merge_dist,mAP
1.6982770901729352,0.09112653780141093,gray,2,hsv,64,95,0.5644640120891853,0.8757127534877974,7,17,ellipse,open,582,13,0.0
4.084405804250865,0.005099576896108308,rgb,0,hsv,41,124,0.7055874036492,0.9218384738177449,5,11,ellipse,open_close,229,28,0.2614814286445929
2.4636677784485697,0.1021405010697876,rgb,1,hsv,48,120,0.8921534969005278,0.9328905584855899,3,19,ellipse,open,275,18,0.009926027238272411
3.8153516477536193,0.019618184379442356,gray,4,hsv,42,115,0.8601218763378788,0.8114870762531596,5,9,ellipse,open,270,47,0.12309464132771741
2.906135621943258,0.05875489175823293,gray,0,hsv,82,107,0.7123783223141696,0.8466467571648542,3,5,rect,close_open,245,43,0.3121041398822897
5.741314996454919,0.0806301939442051,gray,3,hsv,21,96,0.6121646372591506,0.8186944004745174,7,9,ellipse,close,447,38,0.531307766597601
3.3006385685786306,0.0276672064292255,rgb,1,hsv,51,129,0.5145557804579535,0.8782265861793678,7,17,ellipse,open,436,14,0.06783852271475578
4.347986542928966,0.02119075986706124,gray,0,hsv,73,122,0.6343768110933359,0.8047417359761083,5,13,ellipse,open,226,30,0.3400406701848503
5.311117267963487,0.018768067089644215,gray,1,hsv,69,110,0.523638413430703,0.8335782862249107,3,19,ellipse,open_close,563,29,0.5770382103784861
2.0386630119963725,0.0290628112916746,gray,0,hsv,82,93,0.7847709514436679,0.9638896742423627,3,9,rect,close_open,537,34,0.08336752815135252
2.7135419417883053,0.11777002820444774,rgb,4,hsv,23,100,0.5419660002711857,0.9752215157818827,5,13,rect,open,447,48,0.010349549439784982
5.940036227881369,0.007924452665009424,rgb,2,hsv,65,136,0.5294230406741768,0.8512399585133548,3,21,rect,open_close,355,25,0.4605873095165088
5.958166116637308,0.010177931492436041,gray,3,hsv,21,140,0.6140337649904485,0.8376672307407191,7,21,ellipse,close,510,35,0.5636356490416496
5.873621152082834,0.05392340144429283,gray,3,hsv,20,105,0.6140330640943923,0.8333917974103985,7,5,ellipse,close,503,37,0.6053954240517241
5.010678943300949,0.011726823711927022,gray,3,hsv,33,139,0.6226971618325158,0.8436246167381781,7,21,ellipse,close,525,22,0.5380508023096717
4.984901460763321,0.06216736518000886,gray,3,hsv,33,107,0.6502340744297208,0.8803031592313757,5,5,ellipse,close,597,22,0.6044130368990217
5.279638819437309,0.05082617931507595,gray,1,hsv,61,106,0.6629666463256609,0.889133481216905,5,5,ellipse,open_close,584,40,0.5616802529613232
4.749013739325805,0.1766321878555272,gray,3,hsv,34,103,0.6717222263464854,0.8888232238894306,5,5,ellipse,close,479,40,0.17041094343732435
4.681888458960607,0.18811579584059432,gray,3,hsv,34,102,0.7503136944354811,0.9117059136068307,5,7,ellipse,close,495,21,0.10950876769884975
4.633961046148601,0.047345327762639666,gray,4,hsv,32,115,0.7344484371839017,0.9116206071823597,7,7,rect,close,354,20,0.38604208138943547
5.440241516446841,0.04541586263967411,gray,4,hsv,27,113,0.5785441617019358,0.8636217745146318,7,7,rect,close,365,34,0.5654210858835707
5.478062420881237,0.035725029901575715,gray,2,hsv,27,90,0.5811521776192434,0.8647637697367315,7,7,ellipse,close,397,10,0.6048663990173542
5.354290841458062,0.018391968396973088,gray,2,hsv,73,110,0.5896197430520431,0.823155447832175,3,15,ellipse,open_close,600,29,0.5824139111651636
5.4182183302611815,0.036199972927449725,gray,2,hsv,27,98,0.5803320251675333,0.8698260880273112,7,5,ellipse,close,406,17,0.6004374148538696
5.5295808744052914,0.03670146466043851,gray,2,hsv,41,99,0.6609270184072641,0.8624516979647947,7,5,ellipse,close,415,10,0.5948125597526913
5.640363925784553,0.06779951590359846,gray,3,hsv,42,91,0.6610370403525158,0.8587820044921155,7,7,ellipse,close,547,10,0.6233571660159669
4.999404401661258,0.0678283061829069,gray,3,hsv,27,92,0.6513889901887377,0.9525642696328265,5,7,ellipse,close,321,11,0.4885901577286426
5.7032615214401,0.1293732214052883,rgb,2,hsv,46,90,0.6865016861591252,0.8280186992505234,7,11,ellipse,close_open,323,11,0.24904793323150212
5.727298938385439,0.13406532903913093,rgb,2,hsv,49,90,0.799871760169961,0.8568614402976902,7,11,ellipse,close_open,475,14,0.27624842060823473
5.9857425185242485,0.07704531637166312,gray,3,hsv,56,94,0.8055021686688628,0.8555192862740493,7,11,ellipse,close,476,17,0.5566618581019731
4.298221549982831,0.07984164561466807,gray,3,hsv,39,96,0.5613015378817946,0.8958543808128798,7,9,ellipse,close,536,16,0.3385207010932477
1.6345965700257632,0.03796963167497059,gray,4,hsv,38,96,0.562928555781606,0.897792579131298,7,9,ellipse,close,560,44,0.011419141914191416
5.06482175554369,0.06107125536861327,gray,3,hsv,29,105,0.64194201378486,0.9990603760765526,5,7,ellipse,close,562,24,0.6041961855701466
5.030689191879536,0.05587122639591114,gray,3,hsv,28,105,0.6357054881027823,0.870517508316564,5,7,ellipse,close,556,24,0.6065709468206487
5.156352358180949,0.09772436908973671,gray,2,hsv,24,102,0.6012163444809374,0.8779837177129741,5,7,ellipse,close,593,25,0.6003039794289137
3.6794994240351686,0.09861041925445,gray,2,hsv,24,118,0.6052746930573987,0.8748649811609378,7,7,ellipse,close,387,26,0.16613282999812473
4.033969375828202,0.02397866198624959,gray,4,hsv,20,120,0.6982778287392961,0.8416967206578854,7,7,ellipse,close,381,32,0.3968847553704567
5.707809523826464,0.024811158849778112,gray,4,hsv,45,126,0.7016133765707606,0.8139939115975552,7,9,ellipse,close,509,13,0.6007542005646087
5.618268521191855,0.05154406368973275,rgb,3,hsv,90,127,0.5537137418852967,0.818003482060272,7,9,ellipse,close,548,13,0.5531023619518657
5.594535440436761,0.04897063344187396,rgb,3,hsv,54,110,0.7227277133635689,0.9274176936284485,5,13,rect,open,550,38,0.3623985379063254
4.426977808564668,0.033484469392882577,gray,1,hsv,37,92,0.5010068622745572,0.9143906911583182,5,5,rect,open,433,37,0.4109543924329128
4.419550991476111,0.031938999694473814,gray,1,hsv,30,98,0.8851221529364091,0.8323116309465522,7,5,ellipse,close,421,15,0.5734353381247879
4.944930747935348,0.06432516701511296,gray,3,hsv,30,109,0.6360599689231775,0.8859709755839924,5,5,ellipse,close,586,19,0.5977413682728924
4.8532195737790165,0.06428903672607579,gray,3,hsv,43,109,0.6329489827482676,0.8845211738197708,5,5,ellipse,close,576,23,0.5886795179255916
3.249801627473503,0.07280612336472327,gray,3,hsv,36,105,0.6749541861052126,0.8661587332880615,5,5,ellipse,close_open,572,32,0.18409518751613962
5.216393551022523,0.041999039031712815,gray,2,hsv,35,113,0.6781785911519373,0.8008674812299204,5,7,ellipse,close_open,520,27,0.5898729650362723
5.1486099685824005,0.039115686010057195,gray,2,hsv,25,113,0.6220999638632729,0.8501232238105669,5,7,ellipse,close,522,28,0.6295736260776746
5.904930847275447,0.08427514712501603,gray,3,hsv,24,100,0.6171567830523872,0.8475213592634023,5,15,ellipse,open_close,498,10,0.276204370964084
2.0615166253400226,0.029368085736643783,gray,2,hsv,24,113,0.620476551760158,0.8460104959454604,3,15,ellipse,open_close,455,31,0.0018646192036475846
2.2252585788737558,0.0548608645042964,gray,2,hsv,20,117,0.5863583999106835,0.8533072608581633,3,9,ellipse,close,209,43,0.013866345954122039
5.821463348487046,0.005147391091910895,gray,1,hsv,20,117,0.586462083456021,0.8592228841884586,7,9,ellipse,close,463,27,0.3196997500385946
5.852925826329189,0.03976129583422643,rgb,1,hsv,28,131,0.5332543542615353,0.8344078722728172,7,7,rect,open,459,28,0.35116409981100155
5.236987679053609,0.04158549300272437,gray,3,hsv,30,104,0.639330577901518,0.8725900584042159,5,7,ellipse,close,530,22,0.6199956293838347
5.171370545969311,0.05805574519899925,gray,3,hsv,31,107,0.6512807238964233,0.8751113219241795,5,5,ellipse,close,540,22,0.609856667362594
5.478717398360877,0.04308002932152778,gray,3,hsv,32,104,0.598158521932396,0.8715813264767325,5,11,ellipse,close,535,19,0.627145152116536
5.22278008664378,0.05597426560027871,gray,3,hsv,31,103,0.6579526621299964,0.8699531027464951,5,5,ellipse,close,536,50,0.5975529373677492
4.5869671208989296,0.04452130253916264,gray,3,hsv,31,108,0.6590378772350888,0.8718654414528287,5,13,ellipse,close,532,19,0.5040562919278084
4.644264461956818,0.016288796748929232,gray,3,hsv,41,108,0.6895615685168758,0.90248162615949,5,11,ellipse,close,527,20,0.5708485733365964
4.747963491426749,0.014394570134817574,gray,4,hsv,41,112,0.6278352890178424,0.8923592885106535,5,11,ellipse,close,490,21,0.5558108913134033
5.307608706859051,0.11489791722570525,gray,4,hsv,33,112,0.6313957823138785,0.9043877841429578,5,17,ellipse,close,550,23,0.25936851333683086
5.3181355462212965,0.02507388395809773,gray,3,hsv,33,104,0.5995744957372353,0.9069768194437096,3,9,ellipse,close,547,24,0.6158047331591707
5.118532805756055,0.0259423062202453,gray,3,hsv,38,103,0.715571921837599,0.8809731912337005,3,9,rect,close,521,25,0.5961891544165395
5.132529615821728,0.022617679137031468,gray,3,hsv,26,103,0.5962433846459415,0.880162453040212,3,9,ellipse,close,516,25,0.6111273755669743
5.436295668904998,0.023002217133765414,gray,3,hsv,25,101,0.5979335786917427,0.9391903088163767,3,7,ellipse,close,513,23,0.6144188466457372
5.5006141798587,0.02832476486588045,gray,3,hsv,26,101,0.5996063467934393,0.9207838612367761,3,9,ellipse,close,512,29,0.6202208106302688
5.46160587066459,0.020566587026248234,gray,3,hsv,26,101,0.5987157012409898,0.9205434796886268,3,9,ellipse,close,512,29,0.6036721848965055
5.423932533116061,0.020664512258821953,gray,3,hsv,22,101,0.6071920507018017,0.9447962679776375,3,11,ellipse,close,494,29,0.6018495933973276
5.578971905768738,0.029540153338616454,gray,4,hsv,22,99,0.6132102779057156,0.9470964418676799,3,11,ellipse,close,490,27,0.6077157567921909
4.859616955069842,0.027456998857289885,rgb,3,hsv,33,95,0.5708524088616701,0.9357747513283995,3,9,ellipse,open_close,481,27,0.46231316100516745
5.330551785209232,0.017104661720864056,rgb,2,hsv,35,94,0.568637282330614,0.9349909318832105,3,9,ellipse,open_close,567,18,0.5420430274444856
5.350076573193311,0.017358043786539892,gray,2,hsv,25,97,0.5554280872567523,0.9320659337817004,3,7,ellipse,open,574,31,0.6029817320503843
5.746623210840868,0.033152295913697574,gray,3,hsv,29,97,0.5456894658527581,0.9267908784865923,3,7,ellipse,close_open,508,31,0.596213736714875
5.681569989024178,0.023032840131960587,gray,3,hsv,26,106,0.5895352748466958,0.9185240615231963,3,9,ellipse,close,507,23,0.6215042355140284
5.5938584441761,0.024257057698847204,gray,3,hsv,26,104,0.5950053979878228,0.9063952921146765,3,9,ellipse,close,519,24,0.6133158552143104
5.613127751345793,0.012358462201626274,gray,3,hsv,23,106,0.6443681479965387,0.907057386991054,3,11,ellipse,close,544,23,0.5924656446113931
5.486779391903988,0.012464369555407683,gray,3,hsv,23,106,0.6460720914855048,0.9162183064006116,3,7,ellipse,close,541,21,0.5880395839551249
5.75820769583657,0.04140489830319394,gray,3,hsv,39,101,0.5789944240174162,0.9183447100161112,3,7,ellipse,close,529,21,0.6293044022973324
5.753633882599864,0.041305435276508866,gray,3,hsv,29,101,0.576399235423998,0.9418183937137625,3,7,ellipse,close,503,17,0.6270902577471678
5.9846867644156365,0.04365867471859219,gray,2,hsv,44,99,0.5736132080474108,0.9213178792182978,3,9,rect,close,553,17,0.6301052769472185
5.942257021888384,0.04239693015968842,gray,4,hsv,44,98,0.5760657502591982,0.9723723665842714,3,7,rect,close,467,16,0.6214616425339765
5.965371342573895,0.0468833685705351,gray,2,hsv,49,99,0.5167919102109648,0.9707742992460549,3,11,rect,close,559,16,0.6331475694078857
5.934843751415054,0.04355861969294457,gray,2,hsv,50,99,0.5232432862864326,0.9758297783810377,3,7,rect,close,472,16,0.5967845662302518
5.998774484839773,0.04570995016088891,gray,2,hsv,46,99,0.5305157284876906,0.9742268789012222,3,11,rect,close,558,16,0.6442093468511154
5.973494037128206,0.05026963873358958,gray,2,hsv,53,92,0.5416237721617685,0.9643132072378597,3,11,rect,close,556,15,0.6358003524673773
5.791058026499184,0.04995475005109105,gray,2,hsv,47,92,0.5010934403379033,0.9576663056278213,3,11,rect,close,558,14,0.6465374601420417
5.840008178302701,0.048945650174212076,gray,2,hsv,47,92,0.5152479049770529,0.9578091141505852,3,13,rect,close,586,12,0.649118502534264
5.795201604771547,0.04828271033135264,gray,2,hsv,53,93,0.5031837305963187,0.9599300632723546,3,13,rect,close,587,14,0.6495815598842677
5.995319207706133,0.04835648981895144,gray,2,hsv,47,92,0.5034507187853312,0.9656408951076949,3,13,rect,close,587,12,0.6439904067330455
5.991613776397182,0.04810953216103947,gray,2,hsv,53,92,0.500772136201605,0.9591112472592408,3,13,rect,close,587,13,0.6456588176976579
5.826966143819189,0.05142132150799707,gray,2,hsv,52,92,0.5007096967464577,0.9595757161940027,3,13,rect,close,587,12,0.6490876164025464
5.865296346240901,0.04970369952057799,gray,2,hsv,54,91,0.5000436372805445,0.9597916455408473,3,13,rect,close_open,590,12,0.6252692528450249
5.8057482495764985,0.049823586911358096,gray,2,hsv,54,92,0.5018081415556823,0.960019406182279,3,13,rect,close_open,588,12,0.6266915087639876
5.989034503447438,0.049462008796955344,gray,2,hsv,58,93,0.512150762536944,0.9835047714907572,3,13,rect,close,599,14,0.6476398218811464
5.9724736653795185,0.07004954001004683,gray,2,hsv,47,94,0.5133235740523702,0.9837632546930618,3,13,rect,close,599,14,0.6424751908952637
5.981452691821854,0.04721041131691226,gray,2,hsv,47,93,0.5136774545628645,0.9852159137466141,3,13,rect,close,599,14,0.6466394082553021
5.856000763207557,0.07276474837082579,gray,2,hsv,59,93,0.5358686167092267,0.9845016361771333,3,13,rect,close,598,14,0.6497383724604668
5.855426186690822,0.07290455949732078,gray,2,hsv,59,94,0.5121902735844557,0.9847158021227326,3,13,rect,open,600,14,0.6239056122303748
5.809602925797412,0.08927967582656834,gray,2,hsv,59,93,0.5107665297758963,0.9898175706554536,3,13,rect,open,579,13,0.5871570731724952
5.8282874680446195,0.060481587972391504,rgb,2,hsv,59,90,0.5294228482388065,0.9885237046373082,3,15,rect,close,579,12,0.5709342938351584
5.672447568237901,0.06030066781535387,gray,2,hsv,52,90,0.5319254401516303,0.9520669489310586,3,15,rect,close,581,14,0.6354110978802999
5.671852832357404,0.03650265475873334,gray,2,hsv,63,93,0.5373777829412814,0.9516872979188274,3,15,rect,close,566,15,0.6470752735603288
5.703824924288946,0.035717873295588884,gray,2,hsv,65,95,0.524583720481739,0.9989691979680426,3,13,rect,close,568,11,0.6387205826459638
5.711081645926855,0.0546492925177914,gray,2,hsv,65,95,0.5418038673924932,0.9982799486428394,3,13,rect,close,566,15,0.655290868919983
5.852858801066129,0.053677403254964735,gray,2,hsv,47,93,0.5390884552307181,0.9659470244153914,3,15,rect,close,589,15,0.6532476014621955
5.574388494746449,0.053702664774721236,gray,2,hsv,69,93,0.5424010745053528,0.9766975924053503,3,15,rect,close,569,15,0.6414749567726642
5.541025384807973,0.05402986709586221,gray,2,hsv,63,93,0.5379777323097896,0.9780725295265987,3,15,rect,close,594,15,0.645893223287324
5.864133061325376,0.06682044464922689,gray,2,hsv,57,96,0.518731654772793,0.953751955565836,3,17,rect,close,591,13,0.6262601835145973
5.663826502665669,0.06534035862096316,gray,1,hsv,63,96,0.551910168941744,0.979785280778554,3,15,rect,close,592,11,0.6259784757617275
2.745781323837327,0.07640352143139938,gray,1,hsv,62,91,0.5503087308927266,0.9943071372408664,3,15,rect,close,594,15,0.06013222695854532
2.8387977604761385,0.07644953889429829,gray,2,hsv,68,91,0.5403490128070415,0.9944514421070231,3,17,rect,close,270,18,0.041787347549972396
3.248677843137324,0.054895115286432525,gray,2,hsv,67,93,0.5390400820818905,0.9678543244154325,3,17,rect,close,262,18,0.10828447193134601
3.5249899195750936,0.057474947857789914,gray,2,hsv,57,95,0.5091277710355617,0.9684965495360143,3,13,rect,open_close,574,10,0.13565682857570754
5.749014958795198,0.036750456738878126,gray,2,hsv,56,95,0.5078768902606252,0.959487875017835,3,13,rect,close,582,13,0.651900550527114
5.792571965989965,0.03572650224610979,gray,2,hsv,51,95,0.5211828704151722,0.9581592707564762,3,13,rect,close,584,13,0.6521253481275876
5.765010847919289,0.03739034028009818,gray,2,hsv,51,95,0.5205666551006872,0.982593512038892,3,15,rect,close,565,14,0.6457711950365782
5.790717472826192,0.03794056261837536,gray,2,hsv,51,97,0.5224040936828974,0.9542043605901843,3,13,rect,close,565,14,0.6463984349340351
5.8856212676668065,0.03109066234695829,gray,2,hsv,56,97,0.5622945560317651,0.9500746394190218,3,13,rect,close,581,12,0.6532006682369889
5.661124481416615,0.03301665375876215,rgb,2,hsv,56,94,0.5591487066694827,0.9476695161495601,3,13,rect,close,581,11,0.5837759047141459
5.649989643905357,0.034054556967187975,rgb,2,hsv,73,94,0.5567768861258423,0.9629526509681319,3,13,rect,close,600,11,0.5824710887927432
5.895311254688354,0.030949830729618263,gray,2,hsv,61,97,0.5294499404584881,0.9625392777866485,3,13,rect,close,599,12,0.6434429109151577
5.8994246234251415,0.029944630323517792,gray,2,hsv,60,96,0.5266219715658101,0.9498760397435702,3,13,rect,close,574,12,0.6417511689395035
5.8784348284458865,0.03815775986626333,gray,2,hsv,49,96,0.5126466401644199,0.9493043222768095,3,13,rect,close,577,10,0.6469128865128512
5.745299666500009,0.03541282053997405,gray,2,hsv,49,91,0.5149525420171345,0.9567874225404245,3,13,rect,close,584,13,0.6539521632168427
5.746044462806344,0.03583338647086882,gray,2,hsv,56,91,0.5101064993716199,0.9437498748934012,3,13,rect,close,582,10,0.6512195728609639
5.570234086479268,0.034344583772370325,gray,2,hsv,56,90,0.5088420945718958,0.9430706220295534,3,13,rect,close,582,10,0.6582124695658568
5.544985223327225,0.027137690180750983,gray,2,hsv,56,90,0.5460749281688387,0.9551675619438514,3,13,rect,close,584,13,0.6546360719584274
5.539693516920015,0.034387132501661435,gray,2,hsv,56,90,0.5085008826142415,0.9439239263860558,3,13,rect,close,583,10,0.6587060046946421
5.406513036843597,0.02683606388535714,gray,2,hsv,55,90,0.5462576709989453,0.9557418259480573,3,13,rect,close,584,10,0.648866383282586
5.533853469080204,0.02614561726800988,gray,2,hsv,56,90,0.7627850036065446,0.9398817871992131,3,13,rect,close,581,10,0.6304373019851942
5.511342473407339,0.03134921561197944,gray,2,hsv,56,91,0.5228111914739998,0.9424840886831175,3,13,rect,close,574,13,0.6542348254641187
5.445123401884495,0.031178147614127898,gray,2,hsv,55,91,0.5226378456787896,0.9463286479822982,3,13,rect,close,575,13,0.6528986402426217
5.40395747173764,0.03132770966645961,gray,2,hsv,75,91,0.5643396785650084,0.9433223013076002,3,13,rect,open_close,573,13,0.5996384619444619
5.536051362612838,0.031109591202358886,gray,2,hsv,55,91,0.5232495261809993,0.9434810091740614,3,13,rect,close,572,13,0.6556937235798203
5.571878304334082,0.03388481933409754,gray,2,hsv,55,90,0.5332908162760785,0.9276253003505283,3,13,rect,close,562,11,0.6548296413334649
5.544406832356342,0.03447546480705352,gray,2,hsv,55,90,0.8343718854104182,0.9281989069481039,3,13,rect,close,303,11,0.5921009668378794
5.525324606715477,0.02846408287854139,gray,2,hsv,55,90,0.5236923231755244,0.9329560518768751,3,13,rect,close,313,11,0.6206483478079008
5.298119565856778,0.029048305011436012,gray,2,hsv,55,91,0.5218458407588286,0.9372235778961097,3,19,rect,close,552,11,0.6068886639988506
5.2834014747879,0.03197053378596521,gray,2,hsv,57,91,0.5458706132081163,0.9374440497470004,3,15,rect,close,553,13,0.6372172116254564
5.46001936656724,0.0324029163389915,gray,2,hsv,57,91,0.5469883591185769,0.9435827470958382,3,15,rect,close,561,13,0.6371713356124827
4.1071025979197895,0.034079284798868736,gray,2,hsv,50,91,0.5316075934109518,0.9458172786456736,3,13,rect,close_open,564,10,0.5262774799550233
5.3905297090444675,0.035344460028164076,gray,2,hsv,52,90,0.5319062502259323,0.9458036037772103,3,13,rect,close_open,570,10,0.6349506428856945
5.375135201272555,0.039453549371180605,gray,2,hsv,51,90,0.5087757097072209,0.9295749709252901,3,11,rect,close,573,12,0.6597759140310027
5.699059797429535,0.039421497087211155,gray,2,hsv,60,94,0.536259970305376,0.941870088932081,3,13,rect,close,577,13,0.6479260949849702
5.626941126931585,0.0389190080797,gray,2,hsv,50,94,0.5089268064896925,0.9292905172259369,3,11,rect,close,576,12,0.6527590174619435
5.562202566948373,0.026512403554421388,gray,2,hsv,54,133,0.5085075986763867,0.9293712121143044,3,11,rect,close,544,12,0.6451778939886442
5.579663889850783,0.030028841452502984,gray,0,hsv,50,95,0.5197245575824571,0.9290600133274886,3,11,rect,close,572,12,0.3903297747045203
5.616506227806696,0.030873857947023218,gray,2,hsv,50,95,0.520636883217746,0.9311121584732435,3,11,rect,close,571,12,0.6536029639300239
5.2278682236672385,0.038761644458161944,gray,2,hsv,49,92,0.516404464567431,0.9335629844162756,3,11,rect,close,561,11,0.6505069334544442
5.452889234916014,0.02179893439666817,gray,2,hsv,49,123,0.52599670216011,0.9235243539607771,3,11,rect,open,560,11,0.6078748123029741
5.359690032495088,0.02454816957484304,gray,2,hsv,53,123,0.5269001259098242,0.9258186470035731,3,11,rect,close,571,16,0.6403620829397063
5.607966844597902,0.028162183450272,gray,2,hsv,45,90,0.5541985969659784,0.9244372028656367,3,11,rect,close,548,16,0.6471257076540263
5.637891988102874,0.027925779046666946,gray,2,hsv,45,90,0.5605382443045867,0.9116355084055285,3,11,rect,close,551,15,0.645569321194381
5.619919648279009,0.0314629818385464,gray,2,hsv,52,94,0.5076362228806679,0.9394817301326182,3,13,rect,close,582,13,0.6491096364372589
5.485922831591444,0.031513705885337126,gray,2,hsv,51,95,0.5075963019263983,0.9507132253384177,3,13,rect,close,581,13,0.6554244264233533
5.48681184175238,0.04113600334614145,gray,2,hsv,58,95,0.5187241117763576,0.9519081344007838,3,13,rect,close,591,13,0.654990496224073
5.448830443019284,0.030417092251194214,gray,2,hsv,51,92,0.517676669034785,0.9495553006868988,3,13,rect,close,589,12,0.6541433754958944
5.076490630344361,0.04111636522384603,gray,2,hsv,58,92,0.5186584413211316,0.9498561548164753,3,13,rect,close,589,12,0.6475929326357223
5.071987719445756,0.03138093695389848,gray,2,hsv,54,92,0.5376937544023628,0.9506029659210684,3,13,rect,close,591,12,0.6415045681887036
5.383400671309333,0.031776558993100376,gray,2,hsv,54,92,0.5373268765677263,0.9513156732116717,3,13,rect,close,592,15,0.6514365456096273
5.474040747990752,0.025837825832742436,gray,2,hsv,48,92,0.5313042167252239,0.9553093963768273,3,13,rect,close,568,15,0.6510492908099191
5.483062739436912,0.02497252625855931,gray,2,hsv,48,91,0.5290334968393994,0.9551055869202556,3,13,rect,close,567,11,0.6497062275542239
5.316445813228826,0.02938266791691722,gray,2,hsv,52,91,0.5170587337503841,0.9374141306153382,3,13,rect,close,575,11,0.6509787655111356
5.253993957757659,0.033448787025916936,gray,2,hsv,51,94,0.5146008535040294,0.9359879609488041,3,11,rect,close,577,12,0.65803523293804
5.505464824190975,0.03403287101255943,gray,2,hsv,51,94,0.5069974376772587,0.9327202509356429,3,11,rect,close,576,13,0.6601200268279503
5.203798661471541,0.034711219517826415,gray,2,hsv,53,93,0.5168402138784924,0.9411227506633527,3,11,rect,close,592,13,0.6554074844422693
5.201286672216858,0.03403994658357737,gray,2,hsv,51,97,0.5001227611526521,0.937491588020611,3,11,rect,close,584,13,0.6559156931407303
1.507704959194958,0.0334094921948662,gray,2,hsv,51,93,0.5009489232131185,0.9417155444700461,3,11,rect,close,591,14,0.008023700303898129
4.956535531479778,0.033680175082388596,rgb,2,hsv,51,94,0.5060534784310213,0.93456936241127,3,11,rect,close,592,14,0.553888213635573
5.18346224534563,0.034379387016601766,rgb,2,hsv,53,96,0.507996593184213,0.9320600469866456,3,11,rect,close,563,13,0.5723480934744405
5.255411181396744,0.04396171856866155,gray,2,hsv,53,96,0.5125952154673717,0.9304544682785774,3,11,rect,open_close,559,13,0.579380846544554
5.241142346684734,0.041699585624179754,gray,2,hsv,58,95,0.5154723761213202,0.9391618340472027,3,11,rect,open_close,555,10,0.5744044959943848
5.165997219040877,0.02737060769495749,gray,2,hsv,58,94,0.5164879885850129,0.9386268090739853,3,11,rect,close,579,10,0.6498706316914924
5.517641094945545,0.036568795190752415,gray,2,hsv,50,93,0.5000457179903269,0.9342603776131376,3,11,rect,close,583,12,0.6634981080246408
5.347678215471558,0.037515698526920334,gray,2,hsv,48,93,0.5004802455334315,0.9462481685754398,3,11,rect,close,587,12,0.6599090706004688
5.364036863835892,0.03714166936805969,gray,2,hsv,50,93,0.500164318462306,0.9348186027500265,3,11,rect,close,584,12,0.6616370438579098
5.362252606204323,0.036904896896399045,gray,2,hsv,49,93,0.5020441459033113,0.9442243225391317,3,11,rect,close,583,11,0.6600724509863637
5.3534681666848005,0.03989524858534555,gray,2,hsv,52,93,0.5018348153768883,0.934157639571926,3,11,rect,close,594,11,0.6607514118221367
5.3421097863592255,0.03891253244170676,gray,2,hsv,53,93,0.5021106372913863,0.936302709473611,3,11,rect,close,597,11,0.6603065117089716
5.327691038858583,0.0378740931846324,gray,2,hsv,48,93,0.5005114618205692,0.9337661480200382,3,11,rect,open,596,11,0.6323947783147695
5.318529210375053,0.03870891261151364,gray,2,hsv,48,93,0.5010671921539775,0.934944928286173,3,11,rect,open,596,11,0.6308667566541616
5.035569690346338,0.03968525273663827,gray,2,hsv,52,97,0.5012357536233875,0.9359615879754896,3,11,rect,close,599,11,0.6469844303816301
4.8543957459775715,0.044796203315663335,gray,2,hsv,52,98,0.5053741152312747,0.9239731750745703,3,11,rect,close,585,45,0.6233610668200525
5.366864178527234,0.044179332728861716,gray,2,hsv,53,94,0.508064945904754,0.9459645246373383,3,11,rect,close,584,10,0.659786113606377
5.1512558962578625,0.036042115961460876,gray,2,hsv,54,94,0.5094381725309898,0.945861721790383,3,11,rect,close,350,12,0.6208872356225786
5.148562406380347,0.04141477051124047,gray,2,hsv,50,94,0.510726774996153,0.9448972997029228,3,11,rect,close,579,10,0.6463118854940582
5.391765090970008,0.04175040351450969,gray,2,hsv,50,95,0.5089051681509018,0.9406730632137645,3,11,rect,close,579,10,0.6593492115022485
5.3773447657403715,0.04432257124413261,gray,2,hsv,46,95,0.5007006533708416,0.9402123243911729,3,11,rect,close,590,10,0.6618115780844664
5.247459685046922,0.045238690132851096,gray,2,hsv,46,95,0.5002327763485506,0.9404015198821998,3,11,rect,close,600,10,0.6514948705791785
5.240992389765647,0.046273879416200425,gray,2,hsv,43,96,0.5014404851717387,0.9403298489106738,3,11,rect,close,583,10,0.6476525203771389
5.359179108062884,0.044417736012416005,gray,2,hsv,49,93,0.5094410171952014,0.9395670469882148,3,11,rect,close,584,10,0.6610455185837105
5.382003180686751,0.03712995373246987,gray,2,hsv,79,93,0.508217477231085,0.9356303711315678,3,11,rect,close,571,11,0.6490690875604044
5.367399606922861,0.036905217352363774,gray,2,hsv,49,93,0.5081814566410262,0.9374633713151509,3,11,rect,close,578,10,0.660102186486315
5.35075409761949,0.040737113827868876,gray,2,hsv,49,93,0.5082388745247303,0.943024783208622,3,11,rect,close,578,10,0.6585209729305462
5.362956361673194,0.041888681328045706,gray,2,hsv,49,93,0.508530324852873,0.9441864558797879,3,11,rect,close,587,10,0.6605600688089899
5.392059981376983,0.04143214717096645,gray,2,hsv,49,94,0.5083243677693902,0.9440672045517491,3,11,rect,close,579,10,0.6613312568769603
5.355210419425293,0.04283603913687586,gray,2,hsv,46,93,0.5077151534766119,0.9451211593537631,3,11,rect,close,577,10,0.6581524766630604
5.312377673293185,0.04348583949528965,gray,2,hsv,46,94,0.506513586403295,0.9371438936661236,3,11,rect,close,583,10,0.6556315866974052
5.3552996553467604,0.04329027778823862,gray,2,hsv,45,94,0.5124794876834379,0.9464100749043998,3,11,rect,close,577,10,0.6569729006317566
5.357496263499476,0.042480888280259047,gray,2,hsv,48,93,0.5101181597770976,0.9458450580827634,3,11,rect,close,575,10,0.6589737593179577
5.379374903622104,0.042192492678191765,gray,2,hsv,49,92,0.5093718744037202,0.9328297935456666,3,11,rect,close,600,10,0.6628554993591367
